id;reference;name;type;description;url;machine_id
1;gosh;bah keelhaul against;RAR;ferociously since whereas;https://soulful-fundraising.cat;1
2;where delightfully;shameful whether;IMAGE;wholly;https://bare-lookout.es;2
3;yum watch corny;than hark gosh;PDF;for congratulate;https://nocturnal-marathon.com;3
4;freelance sharp uh-huh;boohoo conjecture;IMAGE;few;https://worn-spandex.eus;4
5;green;golden patiently;RAR;er;https://attentive-formamide.com.es;5
6;for of;ick beside;PDF;while;https://mountainous-comic.com;6
7;pish gee;outnumber onto;IMAGE;absentmindedly likewise poll;https://wilted-constitution.org;7
8;oof;why that;RAR;exhale sweetly;https://bowed-parachute.info;8
9;apud caricature;who blank;IMAGE;smudge;https://secondary-trillion.eus/;9
10;usefully uncle;sewer assured;RAR;apprehensive;https://neat-service.info/;10
