id;reference;name;description;address;location;created_at;updated_at;site_id
1;shyly bachelor deposit;tick;ha;inasmuch inasmuch needle;ugh;2024-03-26T16:53:04;2024-03-26T21:06:39;1
2;failing belligerency;baggie questionably;upon;for vigorous junk;perky above;2024-03-26T21:09:38;2024-03-26T23:02:16;2
3;until insignificant steel;con psst;asterisk finally;once;kissingly holiday;2024-03-27T07:05:04;2024-03-27T01:36:42;3
4;finally neatly hm;attenuate onto awkwardly;interface silently miserably;supposing anti;vacantly scarification;2024-03-27T00:58:26;2024-03-27T07:08:46;4
5;airbus whoever variable;whoever pleasant;sans toughen indeed;whoever crude;almost;2024-03-27T09:12:45;2024-03-27T03:24:01;5
6;concerning;inhabitant;pillory sailing;mimosa other upbeat;impression psst;2024-03-27T01:38:51;2024-03-27T04:04:07;6
7;yippee notwithstanding ironclad;alongside;suspiciously spy;retrofit;parched stamina colorfully;2024-03-27T03:41:14;2024-03-27T13:43:22;7
8;even longingly bah;mob until;illiteracy whose;exactly prescind;evaluation blench worst;2024-03-27T02:01:10;2024-03-27T03:28:04;8
9;who rationalize;impossible retake;er instead;towards;huzzah per brand;2024-03-27T09:28:22;2024-03-26T19:09:39;9
10;aha past ack;real;big-hearted sans brr;catalysis;deep;2024-03-26T16:43:44;2024-03-27T08:40:03;10
