id;reference;name;description;created_at;updated_at;plant_id
1;at excited than;ew excluding;pace lest;2024-03-27T07:07:55;2024-03-27T13:14:12;1
2;desecrate watch;indeed;stark;2024-03-26T19:07:48;2024-03-26T22:23:15;2
3;joy except;decamp preen;shy;2024-03-26T18:00:43;2024-03-26T23:25:57;3
4;save although amongst;but considering;wrongly solve;2024-03-27T09:33:07;2024-03-27T06:27:21;4
5;soulful unbearably;sweet depersonalise though;new;2024-03-27T01:10:30;2024-03-26T16:42:16;5
6;glass hint;worth er;circa worthless;2024-03-27T02:53:31;2024-03-27T10:19:40;6
7;customer;participation puzzled impish;unimpressively mmm;2024-03-27T11:31:30;2024-03-27T09:34:28;7
8;since as ack;hard-to-find designation confuse;boo cheerfully meanwhile;2024-03-27T02:03:44;2024-03-27T08:39:38;8
9;meanwhile ick;queasily thoroughly hm;upliftingly design;2024-03-26T17:50:04;2024-03-27T06:25:48;9
10;noodle;toward what;once sharply;2024-03-27T09:14:01;2024-03-26T15:14:11;10
